Model,seconds,MAE,RMSE,R2,R2_log1p,WAPE_pct,sMAPE_pct,zero_demand_pct,n,mean_actual,mean_pred
XGBoost,7.4,31.2312,90.4933,0.907489,0.952545,23.0318,46.4064,7.7991,38376,135.6002,129.5965
HistGradientBoosting,5.8,31.381,91.0964,0.906252,0.952021,23.1423,46.6307,7.7991,38376,135.6002,129.3154
Random Forest,95.2,31.9759,93.1094,0.902063,0.950441,23.581,47.0654,7.7991,38376,135.6002,128.3982
Gradient Boosting,226.9,32.0252,93.4092,0.901431,0.95101,23.6173,46.9594,7.7991,38376,135.6002,127.2032
Decision Tree,2.2,34.0461,100.7761,0.885271,0.946279,25.1077,47.9532,7.7991,38376,135.6002,126.1586
Naive: 4-wk mean,0.0,35.8897,106.561,0.871721,0.935931,26.4673,46.1375,7.7991,38376,135.6002,127.2797
Naive: last week,0.0,41.2633,117.5365,0.843935,0.90948,30.4302,50.8173,7.7991,38376,135.6002,132.2185
Ridge Regression,0.5,195.0358,3122.6192,-109.153369,0.783026,143.8316,75.5702,7.7991,38376,135.6002,243.6584
Linear Regression,0.2,477.0347,14008.6327,-2215.926126,0.64516,351.7951,87.3412,7.7991,38376,135.6002,510.3625
